file	records	sha256	description	source_result
A1_DNMT3A_primary_codon_alignment.fasta	250	eb47ba040086b2cd2bf5036928ff08253d37442fd5a1cf2a01840fb41654c87c	Primary deduplicated mammalian codon alignment used for regional variation and selection analyses.	results/02_alignment/subsets/DNMT3A_mammals_HyPhy_unique.fasta
A2_DNMT3A_composition_pass_alignment.fasta	227	9e13ae8aab08b5ca8d03b4068329c3db859426d98dd33d7096ebf98f6b0151c8	Composition-filtered primary codon alignment used for sensitivity analysis.	results/02_alignment/subsets/DNMT3A_mammals_HyPhy_unique_composition_pass.fasta
A3_DNMT3A_N_terminal_consensus_masked_alignment.fasta	250	c9ce1167bacb135707aaa9b874ec1e8b836d0dd029eb292d73696cf87d0c6327	Primary alignment with the low-reliability N-terminal consensus mask applied.	results/02_alignment/reliability_mask/DNMT3A_mammals_HyPhy_unique_N_terminal_consensus_masked.fasta
A4_DNMT3A_MAFFT_sensitivity_alignment.fasta	250	e58465e4abd9d093fc5b9f7c67f2db2c91558adfefbb9a7dd49dc1c2005e08b8	MAFFT codon-projected sensitivity alignment.	results/02_alignment/sensitivity/DNMT3A_MAFFT_clean_mammals_HyPhy_unique.fasta
A5_DNMT3A_PRANK_sensitivity_alignment.fasta	250	5ef3b712cca63ef853b2d463ab2a7e317417d0d50781d3b6de6ce2a883732347	PRANK codon-alignment sensitivity dataset.	results/02_alignment/sensitivity/prank/DNMT3A_PRANK_clean_mammals_HyPhy_unique.fasta
A6_DNMT3A_COBALT_sensitivity_alignment.fasta	250	ba13108d852a7bd8e1dae4ffdb2acdc94a2e82b4a6ccc1bb01da6dcd6aadc1bd	COBALT protein-guided codon-projected sensitivity alignment.	results/02_alignment/sensitivity/cobalt/DNMT3A_COBALT_clean_mammals_HyPhy_unique.fasta
A7_DNMT3A_MACSE_mammal_scope_alignment.fasta	250	32046eb287eec8bbfbd9e81d96b5d9c3a0967a92485c1301d105e5e21bed4162	MACSE realignment of the fixed mammal-scope taxon set.	results/02_alignment/sensitivity/mammal_scope/macse/DNMT3A_MACSE_mammal_scope_HyPhy_unique.fasta
T1_DNMT3A_rooted_phylogenetic_tree.nwk	1	fae0dc642a846aa63877bd87462a327f8dcfdf88363f1b32999978db7d70a70c	Rooted Newick tree paired with the primary unique-sequence alignment.	results/03_tree/mammals/DNMT3A_mammals_tree_HyPhy_unique_rooted.nwk
P1_primary_internal_start_promoters.fasta	5	9a5a30d754b2de279e337099180fce997a9267b481d849ce773f4029e65e6e63	Conservative primary internal-start promoter sequence set.	results/06_isoform_evolution/primary_internal_start_promoters.fasta
P2_canonical_DNMT3A1_promoters.fasta	5	b508dff16ebee4a549727c62212ab88f453ab8a3dd76087f80d049bd50c753f1	Canonical DNMT3A1 promoter sequence set used for comparative promoter analysis.	results/06_isoform_evolution/canonical_dnmt3a1_promoter/canonical_dnmt3a1_promoters.fasta
P3_dunnart_DNMT3A_candidate_transcripts.fasta	3	150a1fc354bf47e9a1892d8efc034d2205795e8d2b96847cff541b48a61f8a6b	Dunnart DNMT3A candidate transcript sequences evaluated in the transcript-architecture analysis.	results/06_isoform_evolution/dunnart_dnmt3a_candidate_transcripts.fasta
P4_target_promoter_windows.fasta	50	b90ac8d676b84aa112d989d48711cb03b69619b4151e8df4eab41d45e0490094	All target promoter windows evaluated before conservative promoter selection.	results/06_isoform_evolution/target_promoter_windows.fasta
