accession	genotype	experiment	replicate	filename	sha256
GSM5005399	WT	Dnmt3a1_KO	1	GSM5005399_WT_CTX_1.txt.gz	95a586291c94bc39fea96b07b01f25f1027bd5b3951619cdaa50e409de379cbe
GSM5005400	WT	Dnmt3a1_KO	2	GSM5005400_WT_CTX_2.txt.gz	fdee7fc458e505e86f7f554362c60affc0a3171a5b4e399796df06cca09b4e0f
GSM5005401	WT	Dnmt3a1_KO	3	GSM5005401_WT_CTX_3.txt.gz	2251e1715e89723b7821b3e1648d53b75ac5df1815004fc36eaea6a35ef70eac
GSM5005402	Dnmt3a1_KO	Dnmt3a1_KO	1	GSM5005402_3a1KO_CTX_1.txt.gz	5f08af71b2ea90be7f2e98acbff2ca34729bc418758da27f8fa66a3b46ead9a3
GSM5005403	Dnmt3a1_KO	Dnmt3a1_KO	2	GSM5005403_3a1KO_CTX_2.txt.gz	75d0bc07f5f3c50bca777e24554ad6bf79268bcf39a79fcc34670aaf8ba83328
GSM5005404	Dnmt3a1_KO	Dnmt3a1_KO	3	GSM5005404_3a1KO_CTX_3.txt.gz	0107bb5c384e70130f4eb13a54e2b07eb769a6134ae6b90c9d625d47f9284a20
GSM5005405	WT	Dnmt3a2_KO	1	GSM5005405_WT1.txt.gz	840d9592a153c4813848e84c9840dcee3446b0cd5c6b8993e9272d98efca69d8
GSM5005406	WT	Dnmt3a2_KO	2	GSM5005406_WT2.txt.gz	20f9fb57e1fb2d87e07581419cc798285b44b3e5ca5450ca81a422ccd4dea368
GSM5005407	Dnmt3a2_KO	Dnmt3a2_KO	1	GSM5005407_3a2KO1.txt.gz	0a78b8b859895bc61c680796031592b1ee3f85437b21ecec864a11e68aa1ca30
GSM5005408	Dnmt3a2_KO	Dnmt3a2_KO	2	GSM5005408_3a2KO2.txt.gz	0ecf236e2973f84ae24c0b02f6a4adfa529347b7fc897a343ad8afecde7e9eba
GSM5005409	WT	Dnmt3a1_delta_N	1	GSM5005409_WTn1.txt.gz	973d96dd29ca60ffa98a95cc25fe4bbe84580cebcf5568787c368009710c8df9
GSM5005410	WT	Dnmt3a1_delta_N	2	GSM5005410_WTn2.txt.gz	93f8475d62c47c655821cccf2fee28fb7450b3f959c1dd0422a7ba3186c6fd06
GSM5005411	WT	Dnmt3a1_delta_N	3	GSM5005411_WTn3.txt.gz	e7db52f26c0f739e50a8c6f0747c2f1df6be881dcff5394a68d3e5157195540f
GSM5005412	Dnmt3a1_delta_N	Dnmt3a1_delta_N	1	GSM5005412_dN1.txt.gz	bda8a9834a938c6152f5c1ed4893dad7d88452c40cfefc203dccabb401b2e6b5
GSM5005413	Dnmt3a1_delta_N	Dnmt3a1_delta_N	2	GSM5005413_dN2.txt.gz	f48508e7bb8b208aa1f4b8d2dd9832e26d6c7abca4e2d6416f5863b38603a24e
GSM5005414	Dnmt3a1_delta_N	Dnmt3a1_delta_N	3	GSM5005414_dN3.txt.gz	f840803a412bafa49786829302fcb03362fbb4210f9c0d2d13385bd634953600
