sample_accession	group	replicate	run_accession	experiment_accession	read_pair	fastq_url	md5	bytes
GSM5683981	WT	1	SRR16892995	SRX13085668	1	https://ftp.sra.ebi.ac.uk/vol1/fastq/SRR168/095/SRR16892995/SRR16892995_1.fastq.gz	cb10fa9020ae34f408727a7381b640d2	10571528576
GSM5683981	WT	1	SRR16892995	SRX13085668	2	https://ftp.sra.ebi.ac.uk/vol1/fastq/SRR168/095/SRR16892995/SRR16892995_2.fastq.gz	3148b5e49c4e8fd5de11e3d8e72f024e	11544221392
GSM5683982	WT	2	SRR16892996	SRX13085669	1	https://ftp.sra.ebi.ac.uk/vol1/fastq/SRR168/096/SRR16892996/SRR16892996_1.fastq.gz	4593db77a194361392f5ae67b8129622	8306916909
GSM5683982	WT	2	SRR16892996	SRX13085669	2	https://ftp.sra.ebi.ac.uk/vol1/fastq/SRR168/096/SRR16892996/SRR16892996_2.fastq.gz	92c39695d65b168f8321cc663ef1a4f5	9011653362
GSM5683983	Dnmt3a1_KO	1	SRR16892997	SRX13085670	1	https://ftp.sra.ebi.ac.uk/vol1/fastq/SRR168/097/SRR16892997/SRR16892997_1.fastq.gz	58393fb7469420e5bca7259d25323b63	8725283011
GSM5683983	Dnmt3a1_KO	1	SRR16892997	SRX13085670	2	https://ftp.sra.ebi.ac.uk/vol1/fastq/SRR168/097/SRR16892997/SRR16892997_2.fastq.gz	b6e9ed489034f0037005e2058f20f679	9542207495
GSM5683984	Dnmt3a1_KO	2	SRR16892998	SRX13085671	1	https://ftp.sra.ebi.ac.uk/vol1/fastq/SRR168/098/SRR16892998/SRR16892998_1.fastq.gz	8cc7b1a2135d62da98a37e5e48492239	8844540286
GSM5683984	Dnmt3a1_KO	2	SRR16892998	SRX13085671	2	https://ftp.sra.ebi.ac.uk/vol1/fastq/SRR168/098/SRR16892998/SRR16892998_2.fastq.gz	d225eb9acc434593b138b6a958bfa90d	9676664533
GSM5683985	Dnmt3a2_KO	1	SRR16892999	SRX13085672	1	https://ftp.sra.ebi.ac.uk/vol1/fastq/SRR168/099/SRR16892999/SRR16892999_1.fastq.gz	fe776651643021c3175a2399949931ee	9758397876
GSM5683985	Dnmt3a2_KO	1	SRR16892999	SRX13085672	2	https://ftp.sra.ebi.ac.uk/vol1/fastq/SRR168/099/SRR16892999/SRR16892999_2.fastq.gz	19fa9f47c3bf05ad8a773b862f12bcff	10640214365
GSM5683986	Dnmt3a2_KO	2	SRR16893000	SRX13085673	1	https://ftp.sra.ebi.ac.uk/vol1/fastq/SRR168/000/SRR16893000/SRR16893000_1.fastq.gz	5c0ab2ce7851dbc18f529d4215d5f6c7	8054919504
GSM5683986	Dnmt3a2_KO	2	SRR16893000	SRX13085673	2	https://ftp.sra.ebi.ac.uk/vol1/fastq/SRR168/000/SRR16893000/SRR16893000_2.fastq.gz	e195494bb8b84a0814129aaa2d901e9e	8823521753
GSM5683987	Dnmt3a1_delta_N	1	SRR16893001	SRX13085674	1	https://ftp.sra.ebi.ac.uk/vol1/fastq/SRR168/001/SRR16893001/SRR16893001_1.fastq.gz	69ba9a454f29d1fe069ba8383f1a1f22	8675099835
GSM5683987	Dnmt3a1_delta_N	1	SRR16893001	SRX13085674	2	https://ftp.sra.ebi.ac.uk/vol1/fastq/SRR168/001/SRR16893001/SRR16893001_2.fastq.gz	ff55331aec70f240d712ef01de0c666d	9455264204
GSM5683988	Dnmt3a1_delta_N	2	SRR16893002	SRX13085675	1	https://ftp.sra.ebi.ac.uk/vol1/fastq/SRR168/002/SRR16893002/SRR16893002_1.fastq.gz	8e4497bb214b0472e7270547718c0265	7503010998
GSM5683988	Dnmt3a1_delta_N	2	SRR16893002	SRX13085675	2	https://ftp.sra.ebi.ac.uk/vol1/fastq/SRR168/002/SRR16893002/SRR16893002_2.fastq.gz	7dc8a20991cc8691ca28f7bc2526a3cb	8170296314
